district,lat,lon
24 PARAGANAS NORTH,22.737494274710983,88.6200297764451
24 PARAGANAS SOUTH,22.229127566623546,88.38265416080206
ADILABAD,19.507771788636365,78.55757651969698
AGAR MALWA,23.97558441470588,76.538276275
AGRA,27.02867851238938,78.0499264778761
AHMADABAD,22.956002204377338,72.4080722858201
AHMEDNAGAR,19.27110039528985,74.63136217774408
AIZAWL,23.53126140578125,92.70805223875
AJMER,26.2047227035,74.8638115245
AKOLA,20.763444774688796,77.05181362863071
ALAPPUZHA,9.404304290459365,76.44868925406361
ALIGARH,27.331198477657892,78.22580259642105
ALIPURDUAR,26.549938333584905,89.25510709264151
ALIRAJPUR,22.201364347058824,74.31884775147059
ALLURI SITHARAMA RAJU,17.743090133333336,82.13791722790698
ALMORA,29.670158493723076,79.54763534166153
ALWAR,27.510668904320987,76.63584276152264
AMBALA,30.233374327659572,76.90070875340426
AMBEDKAR NAGAR,26.41948591676829,82.6059738
AMETHI,26.19960518197425,81.64880039012876
AMRAVATI,21.153251954293637,77.63506699911612
AMRELI,21.45140820349854,71.31097362507288
AMRITSAR,31.66787878237288,74.94053960915255
AMROHA,28.877306193137255,78.42286745882353
ANAKAPALLI,17.71450385162455,82.86519241191336
ANAND,22.44483146760691,72.83699471586148
ANANTAPUR,14.861498549639066,77.17735412721869
ANANTNAG,33.78167574561403,74.93800698245613
ANJAW,27.887840364150943,96.53313826792453
ANNAMAYYA,13.747478463378378,78.40472663972973
ANUGUL,20.971137597328244,84.97247115519083
ANUPPUR,23.193165591538463,81.55422513846155
ARARIA,26.04827730310559,87.09992841614907
ARIYALUR,11.168549391818182,79.22625686363637
ARVALLI,23.49055629483568,73.31757389342722
ARWAL,24.807174489361703,83.99819326595745
ASHOKNAGAR,24.617405530831405,77.80629987798741
AURAIYA,26.648151813924052,79.48210147468355
AURANGABAD,20.517003915873016,76.44435989126984
AYODHYA,26.652667033060112,82.0399606
AZAMGARH,20.49053706806084,80.22620646159696
BAGALKOT,16.20899505106383,75.62058195927051
BAGESHWAR,29.852194333112582,79.77092750529802
BAGHPAT,29.06359790923077,77.3174469423077
BAHRAICH,27.640137532081912,81.5144335894198
BAJALI,26.433571972,91.184573988
BAKSA,26.36140846230769,91.3585862153846
BALAGHAT,21.82832814,80.250441515
BALANGIR,20.589067649683546,83.22814938101266
BALESHWAR,21.501444991382765,86.98278916352706
BALLARI,15.284139020895523,76.81783197512438
BALLIA,25.85042354659091,84.07460754943182
BALOD,20.87252586257143,81.42800077614285
BALODA BAZAR,21.41955707017544,81.55251580935673
BALRAMPUR,25.755749534382716,82.80518788839507
BANAS KANTHA,24.259527408086253,72.07917684555257
BANDA,25.486189119138757,80.55150651722488
BANDIPORA,34.432879546923076,74.6935752875
BANKA,24.49726743789954,85.30924072876712
BANKURA,23.119055236252546,87.1392121268839
BANSWARA,23.507422202661598,74.32729907338403
BAPATLA,15.931277733930347,80.25020799820895
BARABANKI,26.91974453780822,81.33372348438355
BARAMULLA,34.192389335348835,74.35120797403101
BARAN,25.011694585786802,76.61654513654823
BAREILLY,28.54830259375,79.48359686805556
BARGARH,21.30084481190476,83.44219168055557
BARMER,25.670517482103612,71.6604174032967
BARNALA,29.89682726428572,75.99124922714286
BARPETA,26.327611050617286,90.9596279617284
BARWANI,21.859614984172186,75.09227089331125
BASTAR,19.05582840425532,81.77604446382979
BASTI,26.84145857761733,82.60961502960288
BATHINDA,30.095964311695305,75.09367449139846
BEED,18.942989870087978,75.83204693636364
BEGUSARAI,25.42920941068376,86.12516604017094
BELAGAVI,16.123540877342656,74.7650143558042
BEMETARA,21.66462545625,81.525584678375
BENGALURU RURAL,13.206483981679389,77.56475079923663
BENGALURU URBAN,12.936123314400001,77.5809618464
BETUL,22.200830408405317,78.05469532026578
BHADOHI,25.349946319417473,82.45986385145632
BHADRADRI KOTHAGUDEM,17.640232556756757,80.70593068708708
BHADRAK,20.985358618688526,86.58942536655736
BHAGALPUR,25.022642111061945,86.14433319469026
BHANDARA,21.171406542028986,79.66537815072464
BHARATPUR,27.179300087749997,77.4707317105
BHARUCH,21.766199104994723,72.98606513466676
BHAVNAGAR,21.544129019148937,71.8889934455927
BHILWARA,25.475415851979164,74.68957551846354
BHIND,26.440358377606177,78.7455944934363
BHIWANI,28.753639067114094,75.930011
BHOJPUR,25.47168424719472,84.5405675689769
BHOPAL,23.394351744714285,77.3895317085
BIDAR,17.86113409475,77.632651364
BIJAPUR,19.080599175438596,80.90929828070175
BIJNOR,25.48773996107143,78.4146056725
BIKANER,28.09863934691358,73.38999062962962
BILASPUR,26.720190916185565,79.43506804731959
BIRBHUM,23.94775448639309,87.67845046825053
BISHNUPUR,24.53569166111111,93.76392155277777
BISWANATH,26.760855142268042,93.10949806907216
BOKARO,23.737532566120215,85.94491271857923
BONGAIGAON,26.29051031666667,90.81012905277777
BOTAD,22.107763066336634,71.68658630693069
BOUDH,20.76881799361702,84.26110756382978
BUDAUN,28.088445553968256,79.08901330873016
BUDGAM,34.05487410769231,74.70756359615385
BULANDSHAHR,28.35937592893891,78.0032574051447
BULDHANA,20.480783333460142,76.389794576683
BUNDI,25.81022674457143,75.61012916514287
BURHANPUR,21.454469497746476,76.32599218042255
BUXAR,25.498839183783783,84.12353129729729
CACHAR,24.78199596819788,92.7026736819788
CENTRAL,28.456273706250002,77.204391628125
CHAMARAJANAGARA,12.012728314583333,77.0765500175
CHAMBA,32.502487033928574,76.24598094196428
CHAMOLI,30.287413797188755,79.39808837269076
CHAMPAWAT,29.378739508333336,80.09169590714285
CHAMPHAI,23.410021697222223,93.31054219722222
CHANDAULI,25.552477353694577,83.17512423448275
CHANDEL,24.25555511111111,94.00331518055556
CHANDIGARH,30.627202199245282,77.05978472981131
CHANDRAPUR,20.10095074789279,79.31314373072088
CHANGLANG,27.248575748484846,96.00458601212121
CHARAIDEO,25.828980245833336,93.57056102777779
CHARKI DADRI,28.57717415584416,76.17909025974026
CHATRA,24.176712930158732,85.0229021878307
CHENGALPATTU,12.62779204384058,80.00737544619565
CHENNAI,13.044879892894738,80.17656455552633
CHHATARPUR,24.814929381153846,79.63813546384615
CHHINDWARA,22.384435431829573,78.87431623654135
CHHOTAUDEPUR,17.595092613809527,74.80019406142857
CHIKKABALLAPURA,13.54001655786802,77.81535598071066
CHIKKAMAGALURU,13.44241487973422,75.69804921129568
CHIRANG,26.59296067419355,91.17727407903224
CHITRADURGA,14.15041897388535,76.58442539681529
CHITRAKOOT,25.290603713043478,81.0868847173913
CHITTOOR,13.52308955615942,78.86126323094203
CHITTORGARH,24.756292206405693,74.63133064234876
CHURACHANDPUR,24.376363387179488,93.60117381102565
CHURU,28.466727547058824,74.89004323882352
COIMBATORE,11.016939608695651,77.0039075841615
COOCHBEHAR,26.193988164686466,89.04497700990099
CUDDALORE,11.542967238771187,79.53492857966101
CUTTACK,20.46814402893401,85.78945687614213
DADRA AND NAGAR HAVELI,20.195553147058824,73.04152382352942
DAKSHINA KANNADA,12.870742132618027,75.12199814077253
DAMAN,20.419658692307692,72.85669753846153
DAMOH,23.77792503446602,79.5153312276699
DANG,20.8021590875,73.72656959285713
DANTEWADA,18.90254327272727,81.36595100757575
DARBHANGA,24.46023428739726,85.96295546273973
DARJEELING,26.812483769411767,88.23941365352941
DARRANG,26.502820033783784,91.86088807567567
DATIA,25.817017198550726,78.5250968231884
DAUSA,26.392225312437812,76.70996796218905
DAVANGERE,14.375536619841268,76.04239191626984
DEHRADUN,30.405299104858297,77.96048390647773
DEOGARH,21.434501162337664,84.8077744
DEOGHAR,24.35871419516129,86.73690610725806
DEORIA,26.485949086006826,83.68234259044368
DEVBHUMI DWARKA,22.123929813768118,69.52843280072463
DEWAS,23.10013761522843,76.89371576304569
DHALAI,23.8872426208,91.94552510839999
DHAMTARI,21.193160981666665,81.46073780325759
DHANBAD,23.779180802702705,86.38947885585587
DHAR,23.036023519421487,76.05447090826446
DHARMAPURI,12.117399130588234,78.23180745690196
DHARWAD,15.382070514975846,75.12741176666667
DHEMAJI,27.532958423157897,94.65895383894738
DHENKANAL,20.81321138734694,85.5261409232653
DHOLPUR,26.74815350160428,77.70354885294118
DHUBRI,26.209603783064516,90.27489199838709
DHULE,21.095321934798534,74.62977388849816
DIBANG VALLEY,28.287273176,95.64279158933333
DIBRUGARH,27.309676808715597,95.04381708027523
DIMA HASAO,24.938347487179488,92.97165803846154
DIMAPUR,25.836168754347824,93.78492358695652
DINAJPUR DAKSHIN,25.32758594842767,88.64572249433962
DINAJPUR UTTAR,25.73160455145631,88.25272959951457
DINDIGUL,10.41155447291939,77.83755900485839
DINDORI,23.645793917928994,80.63016652313608
DIU,20.722414675,70.93972855
DODA,32.20788479090909,75.38115166363637
DOHAD,22.885438319196428,74.08117220580357
DUMKA,24.36674828327526,87.05945014390244
DUNGARPUR,23.741799836734693,73.85684806870749
DURG,21.282941868,81.33342896914286
EAST,28.635818969565218,77.29702519130434
EAST DISTRICT,27.358879496078433,88.56164156078431
EAST GARO HILLS,25.619850500000002,90.61169498214285
EAST GODAVARI,17.194907490862946,81.86728831593909
EAST JAINTIA HILLS,25.28893696875,92.4032211875
EAST KAMENG,27.30971778191489,93.07457392021276
EAST KHASI HILLS,25.481369912950818,91.69782617672132
EAST NIMAR,21.984985691802326,76.57133221209301
EAST SIANG,28.047249385957446,95.14179147106384
EAST SINGHBUM,22.679200252436782,86.36710619233716
ELURU,16.831096965720825,81.1387222164302
ERNAKULAM,10.121855368641285,76.42678155504011
ERODE,11.396338333333333,77.51781609532163
ETAH,27.52030929596946,78.72934329534382
ETAWAH,26.763611641714284,79.08322327885715
FARIDABAD,28.133761851515153,77.9573990590909
FARIDKOT,30.563563215384615,74.84771629076923
FARRUKHABAD,27.247293732903223,79.87723032774194
FATEHABAD,29.606628136440676,75.59219070762713
FATEHGARH SAHIB,30.495996505747126,76.33601213448276
FATEHPUR,25.887828771496064,80.78127430566929
FAZILKA,30.462665998611115,74.27535990069445
FIROZABAD,25.16955481604938,78.61799857530865
FIROZEPUR,30.81366350737705,74.73679914344262
GADAG,15.438750253884775,75.66889558751662
GADCHIROLI,19.872191903363227,79.79439919327353
GAJAPATI,19.05692410340136,84.16951702517007
GANDERBAL,34.170753428,74.771615536
GANDHINAGAR,23.193687684574467,72.59101528351064
GANGANAGAR,29.49674420487013,73.94744794253246
GANJAM,19.551256908534853,84.71072878933143
GARHWA,24.186814086021503,83.90065713010752
GARIYABAND,21.182867063235296,81.7827582492647
GAURELLA PENDRA MARWAHI,22.83413984914193,81.98637530265306
GAUTAM BUDDHA NAGAR,27.94490565906546,77.65455096071004
GAYA,24.553446047263684,84.53962978681592
GHAZIABAD,28.705280797386674,77.48375571080588
GHAZIPUR,25.604205066037736,83.47516458245282
GIR SOMNATH,20.904295085365852,70.76115620182927
GIRIDIH,24.378335529223744,86.00231816894977
GOALPARA,25.886944866666667,90.42390726666667
GODDA,24.805303918181817,87.17234685727273
GOLAGHAT,26.451901374324326,93.79794832094595
GOMATI,23.55563149125,91.516945125
GONDA,26.9656996982906,81.91776840769231
GONDIA,21.236977500821357,79.85514897577002
GOPALGANJ,26.422265599509803,84.44436031617647
GORAKHPUR,26.61914489411765,83.15277152156864
GUMLA,23.092550254751128,84.6262836357466
GUNA,24.53665676937664,77.20813801226994
GUNTUR,16.32620958522727,80.45880474940908
GURDASPUR,31.886963460679613,75.27946866456311
GURUGRAM,28.460445305660375,76.9979025528302
GWALIOR,26.074194480838322,78.19564007604791
HAILAKANDI,24.815029917525774,91.63422284536082
HAMIRPUR,29.357029823978202,77.84115008174386
HANUMAKONDA,17.9718445682733,79.53774585283962
HANUMANGARH,29.270062949222794,74.73108364715026
HAPUR,28.582359754465788,77.90802939486942
HARDA,22.270834439999998,77.06664002
HARDOI,27.238453463549504,80.11092196992018
HARIDWAR,29.86225832457627,78.01709385423729
HASSAN,13.001651772154963,76.1276676929782
HATHRAS,27.458823956666667,78.310975272
HAVERI,14.72479762890625,75.41061051535156
HAZARIBAGH,24.034284796969697,85.30369604015152
HINGOLI,19.635598061879193,77.11086580536913
HISAR,29.21038458969697,75.65686544666667
HNAHTHIAL,23.0436633,92.98326292857143
HOJAI,26.280219815789476,92.76095631578949
HOOGHLY,22.80589255641548,88.19879971242362
HOSHANGABAD,22.65689814166667,77.85927273333333
HOSHIARPUR,31.35864480450704,75.56741063323943
HOWRAH,22.105433979597702,88.14108403706896
HYDERABAD,17.443526135767776,78.51736678476816
IDUKKI,9.85335892804054,76.99176238648649
IMPHAL EAST,24.793845145121953,94.05603750609757
IMPHAL WEST,24.77238020733333,93.87735490706667
INDORE,22.848120859999998,76.30067337935485
JABALPUR,23.152056922527475,79.9490429032967
JAGATSINGHAPUR,20.387505355673078,86.15996288600961
JAGITIAL,18.80953537953846,78.8298625583077
JAIPUR,26.774627707780375,75.83450883065422
JAISALMER,26.934566327403846,70.92726543413461
JAJAPUR,20.82929876521739,86.24569116989966
JALANDHAR,31.29533032606322,75.59566090281609
JALAUN,26.101111391701245,79.33842843319502
JALGAON,20.844317178295455,75.3077520878125
JALNA,19.864394514361702,75.9514420356383
JALORE,25.217044165602836,72.53660853546099
JALPAIGURI,26.623056146634614,88.74732053048076
JAMMU,32.64469058541949,74.76032691349273
JAMNAGAR,22.310367516821984,70.22510475621466
JAMTARA,24.089128075862067,86.83670867011494
JAMUI,24.825454603773583,86.2955048
JANGOAN,17.25580825237969,78.45749997866928
JANJGIR-CHAMPA,21.92080092128514,82.75324257381526
JASHPUR,22.753672019473687,83.85812806842105
JAUNPUR,25.981002168557918,82.21306834822694
JAYASHANKAR BHUPALAPALLY,18.625218548315274,79.82189296920608
JEHANABAD,25.124573902419353,84.79622964758065
JHABUA,22.82885592978723,74.68113930638297
JHAJJAR,28.650505399999997,76.69028974829932
JHALAWAR,24.42173388192771,76.14423899638554
JHANSI,25.495774003061225,78.95114917193877
JHARGRAM,22.41097887204301,87.01655582365592
JHARSUGUDA,21.827862146304348,83.97769698380435
JHUNJHUNU,28.09283510997567,75.55938813420924
JIND,29.46825819,76.24391336
JIRIBAM,24.683736336000003,93.317932384
JODHPUR,26.566827647519055,72.98350901791054
JOGULAMBA GADWAL,16.06672251747573,77.79313673592233
JORHAT,26.35002539572193,94.01640605294118
JUNAGADH,21.375841203092783,70.37447489450172
KABIRDHAM,22.037693249387754,81.28937797387755
KACHCHH,23.285557474051895,69.69039990598803
KAIMUR (BHABUA),25.037830071604937,83.65108002407406
KAITHAL,29.777380614634147,76.42778266829268
KAKCHING,24.5044053225,93.880038285
KAKINADA,17.1131290472,82.1927103048
KALABURAGI,17.259460828271028,76.88633550817757
KALAHANDI,19.87891643283582,83.04567247649253
KALIMPONG,27.030956962222223,88.54440349999999
KALLAKURICHI,11.802559014457833,79.06643414658635
KAMAREDDY,18.31168578078125,78.0928818953125
KAMJONG,24.872913866666668,94.26027760000001
KAMLE,27.76725675,94.03281240000001
KAMRUP,26.072841665671643,91.58054313781095
KAMRUP METRO,26.15373376103896,91.7313221974026
KANCHIPURAM,12.909145331410256,79.80886076858974
KANDHAMAL,20.142244648333335,84.09912321708333
KANGPOKPI,24.867613662616822,93.93515372990655
KANGRA,32.040158033607085,76.27243818806762
KANKER,20.002478413636364,80.95378349829545
KANNAUJ,27.012881504166664,79.85497668680556
KANNIYAKUMARI,8.259772516793893,77.31917687709924
KANNUR,11.944579475328084,75.50032171758531
KANPUR DEHAT,26.42072884848485,79.8720863939394
KANPUR NAGAR,26.428514932499997,80.24417482785714
KAPURTHALA,31.36680686592,75.53274507895999
KARAIKAL,10.939033951851853,79.7533714
KARAULI,26.5207286234375,76.92574991367188
KARBI ANGLONG,25.945949741237115,93.25330893814433
KARGIL,34.44476718809524,76.64644329999999
KARIMGANJ,24.728981920886078,92.18651370949367
KARIMNAGAR,18.386886147777776,79.23871305388889
KARNAL,29.466437995575223,76.65329004159292
KARUR,10.870575493775933,78.13381828423236
KASARAGOD,12.455356796051502,75.11510748175967
KASGANJ,27.76026198552677,78.82512592504924
KATHUA,32.28774613358779,75.27712553664122
KATIHAR,25.51273492896175,87.41352972513661
KATNI,23.71604712814371,80.318416248503
KAUSHAMBI,25.65696929344262,81.3214800409836
KENDRAPARA,20.550074003826715,86.43400183953068
KENDUJHAR,21.5390185510158,85.76936240316026
KHAGARIA,25.509092627407405,86.4769754548148
KHAMMAM,17.20973289887805,80.34450406498291
KHARGONE,22.04962159086758,75.75271916027397
KHAWZAWL,23.465497357894737,93.14541484210527
KHEDA,20.203048408333334,73.37221932638889
KHERI,28.050586106896553,80.70286535066313
KHORDHA,20.13952671962617,85.60574417071652
KHOWAI,23.946364207142857,91.52076249857143
KHUNTI,23.08448784782609,85.25427795326087
KINNAUR,31.59583511388889,78.28414450105555
KIPHIRE,25.879539381904763,94.81155052761905
KISHANGANJ,26.110577571739128,87.66100285217391
KISHTWAR,33.2323706923077,75.23376138461539
KODAGU,12.351887166478875,75.83909581934272
KODERMA,24.543044266666666,85.50306617654321
KOHIMA,25.4936274358,93.82240949160001
KOKRAJHAR,26.40313114363636,90.39093177454546
KOLAR,13.1155272990991,78.21080382792793
KOLASIB,24.1417609,92.7138055857143
KOLHAPUR,16.56265913117647,74.27218900264707
KOLKATA,22.519968419116278,88.31223011953489
KOLLAM,8.975343741144414,76.75185989482289
KONASEEMA,16.715763267460318,81.94003094626984
KONDAGAON,19.609603434285713,81.65709519885715
KOPPAL,15.538926111978013,76.24613390801323
KORAPUT,18.85621687910448,82.7270206608209
KORBA,22.404281591860464,82.61644592457364
KOREA,23.385438130670885,82.32832416852733
KOTA,25.156261352421055,76.00711354052632
KOTTAYAM,10.707971406685159,76.59947973385528
KOZHIKODE,11.455275198207335,75.80767036080415
KRA DAADI,27.920692066666664,93.66156093333332
KRISHNA,16.42900169977999,80.86131715423039
KRISHNAGIRI,12.527899530847458,78.17038635728814
KULGAM,33.865644329411765,74.78080387941176
KULLU,31.78350437792208,77.33807533116882
KUMURAM BHEEM ASIFABAD,19.345522685365854,79.3958746504065
KUPWARA,34.38855084641975,74.30755133061727
KURNOOL,15.680171666666668,77.66108640759259
KURUKSHETRA,29.99163636875,76.80803400803572
KURUNG KUMEY,27.740899223972605,93.37315966232877
KUSHI NAGAR,26.86440586388889,83.14200732453703
LAHUL AND SPITI,32.47725441120509,77.29432304677104
LAKHIMPUR,27.216484011627905,94.23346253197676
LAKHISARAI,25.20890271612903,86.09586116451612
LAKSHADWEEP DISTRICT,10.794574,72.886769
LALITPUR,24.69080845483871,78.67862231935484
LATEHAR,23.749813267213113,84.53052060437157
LATUR,18.340443582638887,76.5389919232639
LAWNGTLAI,22.48359558846154,92.86686478076923
LEH LADAKH,34.14992864285715,77.43118231142857
LEPARADA,27.98350826,94.72081946
LOHARDAGA,23.454670335135134,84.77656679054054
LOHIT,27.699535768571426,96.11004851999999
LONGDING,26.878990170588235,95.24073358529412
LONGLENG,26.50203241,94.80316137636363
LOWER DIBANG VALLEY,28.11327269666667,95.77881437555556
LOWER SIANG,27.582109071428572,94.52711736285714
LOWER SUBANSIRI,27.40328415056604,93.62690978811321
LUCKNOW,26.858904620350877,80.92311570680702
LUDHIANA,30.237390129863012,76.27627137534246
LUNGLEI,23.040030684999998,92.60953756
MADHEPURA,25.90278603233831,86.76633126965173
MADHUBANI,26.29933797732697,86.05381187326968
MADURAI,9.951936494545455,78.07513992628571
MAHABUBABAD,17.601918437142857,79.97413790571429
MAHABUBNAGAR,16.723318355263157,77.93058138859648
MAHARAJGANJ,26.99856676923077,83.2921082102564
MAHASAMUND,21.400180968217917,81.6530606877968
MAHE,11.722205474999999,75.539171125
MAHENDRAGARH,28.169556578991596,76.16803490588237
MAHESANA,23.542496235211267,72.51883063330986
MAHISAGAR,23.106676523072288,73.56952663915663
MAHOBA,25.421059268367348,79.78445789183672
MAINPURI,26.046015144198897,78.54401756243094
MAJULI,26.878711968421054,94.1611529
MALAPPURAM,11.142068586206896,76.22443450452874
MALDAH,25.065715178466075,88.17695197020649
MALERKOTLA,28.640092505000002,76.232600815
MALKANGIRI,18.451316088235295,82.26763773294117
MAMIT,23.642636200000002,92.51306047599999
MANCHERIAL,18.99152052364865,79.44290385
MANDI,31.659067840909092,76.9398833013369
MANDLA,23.877166829845677,79.92400170385802
MANDSAUR,24.04319000059091,75.63703071131819
MANDYA,12.562547324999999,76.82549660357142
MANSA,29.968116690721647,75.37244984536082
MARIGAON,26.29584423762376,92.45086507227722
MATHURA,27.479782195833334,77.69882598425926
MAU,25.34930708888889,83.35531876319445
MAYILADUTHURAI,11.109097308920187,79.70690078385915
MAYURBHANJ,21.836694364576612,86.65733503487903
MEDAK,17.949739984900564,78.23711511236942
MEDCHAL MALKAJGIRI,17.510516958071452,78.56246117933756
MEDINIPUR EAST,21.820010052146266,87.79881964864865
MEDINIPUR WEST,22.38301098013245,87.48750721821192
MEERUT,29.04458562238806,77.6996970761194
MIRZAPUR,25.04639584334601,82.73894606539923
MOGA,30.771799931976744,75.13204015581395
MOKOKCHUNG,26.45103359792453,94.53718232301887
MON,26.642115005937498,94.996305901875
MORADABAD,28.80053379285714,78.68528527142857
MORBI,22.80405159766082,70.84446514619883
MORENA,26.50033753546798,77.97841364778324
MULUGU,18.632953680038856,80.04957977672098
MUMBAI,18.973047191,72.83688400290909
MUMBAI SUBURBAN,19.124585572813057,72.87667845115831
MUNGELI,22.126779710487806,81.70932227756099
MUNGER,25.14500404521739,86.26384504
MURSHIDABAD,24.16229041986532,88.01340551363636
MUZAFFARNAGAR,29.39485784537445,77.66197607136564
MUZAFFARPUR,26.145075036904764,85.14967377
MYSURU,12.294251512045456,76.55604040363636
NABARANGPUR,19.48817102,82.40478648205128
NADIA,23.474975255021832,88.44607096419215
NAGAON,26.28531882910798,92.64346583380282
NAGAPATTINAM,10.68599523045977,79.74606340114943
NAGARKURNOOL,16.43418417,78.424471105
NAGAUR,27.01556273671706,74.39500412419005
NAGPUR,21.14544620704871,78.93388698011461
NAINITAL,29.370274334545453,79.45414959575757
NALANDA,25.241857638223937,85.25901210193051
NALBARI,26.269553365306123,91.44368594013605
NALGONDA,16.93900798984127,79.19419979206349
NAMAKKAL,11.323222747592068,78.10021537507083
NAMSAI,27.552921536756756,95.85056447675676
NAN,20.281234588522302,80.541497221778
NANDED,19.11240553165646,77.61741057707705
NANDURBAR,21.518055014468086,74.20677729221276
NANDYAL,15.447306157333333,78.3688537295
NARAYANPET,16.66042725203252,77.58602278373984
NARAYANPUR,19.4574173,81.12688994999999
NARMADA,20.960500534375,73.65453565
NARSINGHPUR,22.90005305,78.95673605
NASHIK,20.22241155695461,74.0632699863836
NAVSARI,20.82395135862069,73.07399804137931
NAWADA,24.901763490707964,85.3617399278761
NAYAGARH,20.13112639923664,85.17208768778626
NEEMUCH,24.547165989333333,75.0165475497037
NEW DELHI,28.547893338095236,77.17467193809523
NICOBARS,8.06983325,93.41021574999999
NIRMAL,19.025659770149254,78.39779772708955
NIWARI,25.22468605882353,78.83113201960785
NIZAMABAD,18.719877845692885,78.18631351310862
NOKLAK,26.17429217777778,94.95907696666667
NONEY,24.78441064,93.5908026
NORTH,28.744515825,77.14499100694444
NORTH AND MIDDLE ANDAMAN,12.64553258375,92.88506331875
NORTH DISTRICT,27.504510474074074,88.54606897777778
NORTH EAST,28.680306460000004,77.280201885
NORTH GARO HILLS,25.825820313043476,90.6791900826087
NORTH GOA,15.538113365636363,73.85741646745454
NORTH TRIPURA,24.174966164166666,92.20047509833334
NORTH WEST,28.709542864814814,77.0982792574074
NTR,16.76076836352459,80.45245531188526
NUAPADA,20.459018431060606,82.65339545227272
NUH,28.10987498888889,76.90933435555556
OSMANABAD,18.18707961048951,76.04754639965036
PAKKE KESSANG,27.007873126315786,93.1776426631579
PAKUR,24.50189693282443,87.58417145877863
PAKYONG,27.276541625,88.607506125
PALAKKAD,12.364786766200503,76.41075942349559
PALAMU,23.96423093269231,84.52885336666667
PALGHAR,19.735987948971193,72.99812689670782
PALI,25.65594002983871,73.55304415268817
PALNADU,16.34564914447005,79.89334112211982
PALWAL,27.76257141967213,77.60103795245901
PANCH MAHALS,22.69378738026906,73.65794224798206
PANCHKULA,30.508587652000003,76.7381399
PANIPAT,29.43060281903226,76.69032144709678
PANNA,24.498622877333332,80.027627242
PAPUM PARE,27.11997175769231,93.52349973576924
PARBHANI,19.25390726953846,76.6697268911282
PARVATHIPURAM MANYAM,18.67529201632653,83.59717179795918
PASCHIM BARDHAMAN,23.70648374764151,86.99909423349057
PASHCHIM CHAMPARAN,26.971304779927006,84.43092438649636
PATAN,18.78203748056225,73.14469824040161
PATHANAMTHITTA,9.342696459044369,76.74801311262799
PATHANKOT,32.253286204225354,75.5522757943662
PATIALA,30.218657738121546,76.48219763867404
PATNA,25.38385870231579,85.20724808315789
PAURI GARHWAL,29.884942287028302,78.92429093490566
PEDDAPALLI,18.620371022432415,79.45485774567692
PERAMBALUR,11.267511674637682,78.90403663115943
PEREN,25.557191728,93.69670015399998
PHEK,25.643676984615382,94.42172479487179
PHERZAWL,24.39871726666667,93.39007891481481
PILIBHIT,28.453119220481927,79.91738968915662
PITHORAGARH,29.75632966677019,80.13899202360248
PONDICHERRY,11.91853735967742,79.74103447580644
POONCH,33.564989000000004,74.5520966
PORBANDAR,21.640507073296703,69.77390001384616
PRAKASAM,15.605818246701986,79.52973196021192
PRATAPGARH,22.736367563829788,79.45326937852998
PRAYAGRAJ,25.456665779807693,81.76972350552884
PUDUKKOTTAI,10.340809442300886,78.88154415761062
PULWAMA,33.571495088,75.1593273
PUNE,18.56390124691517,74.04359533511568
PURBA BARDHAMAN,23.367183866607142,87.91927166732142
PURBI CHAMPARAN,26.56280171007092,84.92663814846335
PURI,19.95000857585034,85.84785772585033
PURNIA,25.878817448404256,87.06233016702127
PURULIA,23.27538859501134,86.41150885668935
RAE BARELI,25.880821488603985,80.72441344558405
RAICHUR,16.081785446712804,76.93936991799308
RAIGAD,18.479512618568233,73.2114402852349
RAIGARH,21.981040470608107,83.2523215875
RAIPUR,19.80968764151515,81.48008486742424
RAISEN,23.683806968049794,78.48286479917012
RAJANNA SIRCILLA,18.404055491803277,78.7902486532787
RAJGARH,23.902475104171426,77.26500249508571
RAJKOT,22.07138236321839,71.03554005316091
RAJNANDGAON,21.131677259536083,80.93427952963917
RAJOURI,33.098140010526315,74.42771647894737
RAJSAMAND,25.18727429351852,73.88833105277779
RAMANAGARA,12.712310234065933,77.3055480945055
RAMANATHAPURAM,9.467426049999998,78.70774427771242
RAMBAN,33.09455848571428,75.1784232142857
RAMGARH,23.720484095774648,85.45227478732394
RAMPUR,28.632363848818898,79.16111147007874
RANCHI,23.40487400607903,85.30187349969604
RANGA REDDY,17.26537358142281,78.44113570378019
RANIPET,12.974735790243903,79.45780294
RATLAM,23.477474111827956,75.13569758924731
RATNAGIRI,17.2783031095586,73.4492726562557
RAYAGADA,19.259711263276834,83.49372816101695
REASI,33.04988174545454,74.76254604545454
REWA,24.54424874444444,81.2879624105105
REWARI,28.271099270833332,76.62477079166666
RI BHOI,25.891374363265307,92.0019204122449
ROHTAK,28.68791601101695,76.57615693813558
ROHTAS,24.922734546510068,84.03519896697986
RUDRA PRAYAG,30.28790452,79.1768059
RUPNAGAR,30.894661189814816,76.44707564537038
S.A.S NAGAR,30.790062693203886,76.49381088543689
SABAR KANTHA,23.7496547820598,73.04004141760797
SAGAR,23.82908689315961,78.74237269315961
SAHARANPUR,29.91531459617225,77.54385467416267
SAHARSA,25.874136493333335,86.59875888363635
SAHEBGANJ,24.885033155339805,87.55233649805824
SAIHA,22.360881145454545,93.01190838636363
SAITUAL,23.825476051724134,93.05390520689656
SALEM,11.667307385170341,78.17413579519038
SAMASTIPUR,25.804951368518516,85.78420393439151
SAMBA,32.57967895238095,74.83322992857143
SAMBALPUR,21.5613981207907,84.21924530934884
SAMBHAL,28.54831649103825,78.70879582295082
SANGAREDDY,17.745549283346506,77.90280119290917
SANGLI,17.129705121662468,74.57199502216625
SANGRUR,29.60355879527559,76.3969678055118
SANT KABEER NAGAR,26.761754749999998,83.00896899322917
SARAIKELA KHARSAWAN,22.812319900636943,85.94019947261145
SARAN,25.986632723650384,84.52120868380463
SATARA,17.65499656240713,74.12936873239227
SATNA,24.545724470666666,81.26414248666666
SAWAI MADHOPUR,26.256670563255813,76.6796431427907
SEHORE,23.384341349717516,77.5206548920904
SENAPATI,25.41015636111111,94.18547202777778
SEONI,22.5333427125,79.4722318
SEPAHIJALA,23.517310667142855,88.82445336
SERCHHIP,23.319282311764706,92.93777569117647
SHAHDARA,28.672673421428573,77.30240689285714
SHAHDOL,23.559730481358024,81.31838584265431
SHAHID BHAGAT SINGH NAGAR,31.157321567965116,75.90631529593023
SHAHJAHANPUR,27.887071802602232,79.90798815650557
SHAJAPUR,23.58038423951613,77.19976993387097
SHAMLI,29.17680920412371,77.32420244742268
SHEIKHPURA,25.133874848453612,85.7045345628866
SHEOHAR,26.555087478947367,85.27993432368422
SHEOPUR,25.829610285882353,77.02145164117647
SHI YOMI,28.384572335714285,94.25880529285715
SHIMLA,31.043920472656918,77.42630436137448
SHIVAMOGGA,14.04070223977591,75.32533234313726
SHIVPURI,25.335652833177626,77.81522452452472
SHOPIAN,33.77182645,74.8422064
SHRAVASTI,27.603414678431374,81.92516826666667
SIANG,28.3193937375,94.914172925
SIDDHARTH NAGAR,27.22167912933333,82.841403852
SIDDIPET,17.922564388451256,78.8541968299714
SIDHI,24.273266651612904,81.68713930645161
SIKAR,27.614258496359742,75.29854762912206
SIMDEGA,22.76546623425926,84.6916077537037
SINDHUDURG,16.13746908210227,73.68055019005682
SINGRAULI,24.011497440000003,82.32837002181817
SIRMAUR,30.720330331325304,77.37280571445783
SIROHI,24.74084739946524,72.77698758716578
SIRSA,29.61980556,74.91553518
SITAMARHI,26.370774480471383,85.41212474309765
SITAPUR,27.576871813744077,80.72642339834123
SIVAGANGA,9.945880255873016,78.58827954190475
SIVASAGAR,26.200858337572253,94.01497580924855
SIWAN,26.20192894516129,84.35757533903225
SOLAN,30.940408930697675,77.0472850464535
SOLAPUR,17.835811530592732,75.51065253843213
SONBHADRA,24.48641668226148,83.09097861904594
SONEPUR,20.910568514018692,83.78573802616822
SONIPAT,28.959164559550562,76.95437233089888
SONITPUR,26.74034281111111,92.57115624603175
SORENG,27.243333333333336,88.22333333333334
SOUTH,28.525575370422537,77.21941708450704
SOUTH ANDAMANS,11.60476681,92.71140930384617
SOUTH DISTRICT,27.23823043137255,88.4201414509804
SOUTH EAST,28.55885559142857,77.25251955714286
SOUTH GARO HILLS,25.316457477500002,90.68936803625
SOUTH GOA,15.299741318,73.96552351614545
SOUTH SALMARA MANCACHAR,25.849091723076924,90.3559649846154
SOUTH TRIPURA,23.183350542,91.549619441
SOUTH WEST,27.775190429411765,78.3099384617647
SOUTH WEST GARO HILLS,25.43866054736842,90.07773525263158
SOUTH WEST KHASI HILLS,25.449385242857144,91.46125201428572
SPSR NELLORE,14.53776817986348,79.77284897354949
SRI MUKTSAR SAHIB,30.316437851851852,74.57517466148147
SRI SATHYA SAI,14.145397459230768,77.68069841211539
SRIKAKULAM,18.55845556792831,84.00277659305038
SRINAGAR,34.101641210714284,74.79633980535714
SUKMA,18.42306633333333,81.34416860555555
SULTANPUR,26.257063613190184,82.06420523558282
SUNDARGARH,22.129969317199016,84.45749248845208
SUPAUL,26.030207809090907,86.43336324354067
SURAJPUR,23.336337449315067,82.91638771232876
SURAT,21.204527528512585,73.04401978243628
SURENDRANAGAR,22.752572489726028,71.61516533184931
SURGUJA,22.978466140277778,83.27050429583333
SURYAPET,17.109729775925924,79.73898330277778
TAMENGLONG,25.014709256410256,93.55878128205129
TAPI,21.14111731081081,73.60097623945946
TARN TARAN,31.379901981355932,74.86648354519774
TAWANG,27.458855198333335,91.66096230375
TEHRI GARHWAL,30.345751347191012,78.49163923782771
TENGNOUPAL,24.364830428571427,94.00700199999999
TENKASI,9.032083302928871,77.42952337238493
THANE,19.301977737327192,73.27837039308756
THANJAVUR,10.731087303898635,79.24596711773879
THE NILGIRIS,11.405268787222223,76.698809125
THENI,9.954771977515723,77.47245500575472
THIRUVALLUR,13.176629729059828,79.9187409025641
THIRUVANANTHAPURAM,8.582007459830098,76.95365030980582
THIRUVARUR,10.716190589548022,79.53336256610169
THOUBAL,24.6087484284,94.00370406980001
THRISSUR,10.4221863666,76.2166859564
TIKAMGARH,24.84949757,78.95117954615384
TINSUKIA,27.406449817605633,95.35278865492957
TIRAP,27.130735977419356,95.44825375387097
TIRUCHIRAPPALLI,10.892214644814814,78.59459160347735
TIRUNELVELI,8.57007708780731,77.65193186312293
TIRUPATHUR,12.57853857142857,78.61371537037037
TIRUPATI,13.980472083068783,79.79736037936507
TIRUPPUR,11.069186744217687,77.50421544795918
TIRUVANNAMALAI,12.39665491532258,79.31943177358872
TONK,26.176588930136987,75.59211621187215
TUENSANG,26.17158344097561,94.42785927853659
TUMAKURU,13.439977469787985,76.93729492614841
TUTICORIN,8.763883240758293,77.98667023601897
UDAIPUR,24.409773155578513,73.74613323508264
UDALGURI,26.650596226732674,92.18437621188119
UDAM SINGH NAGAR,29.08309117690909,79.41877392254545
UDHAMPUR,32.77455750666667,75.16866064000001
UDUPI,13.438501810334348,74.8117766899696
UJJAIN,23.694178598453608,76.0109305572165
UKHRUL,25.19610937465116,94.41587284232558
UMARIA,23.559572602941177,80.94178668725489
UNA,31.579279040322582,76.23943689139784
UNAKOTI,24.31940500583333,92.10524385333333
UNNAO,26.568924578407408,80.60719366207408
UPPER SIANG,28.545227613636367,95.13874072499999
UPPER SUBANSIRI,28.213355626776313,94.07007034078947
UTTAR KASHI,30.77754926818182,78.32052478030303
UTTARA KANNADA,14.4115805635,74.49521531632143
VADODARA,18.361681980095923,74.04036188920863
VAISHALI,25.751545973972604,85.34139740273972
VALSAD,20.4437357985348,73.03092957142857
VARANASI,25.380686010646386,82.92590207946769
VELLORE,12.911831887250996,79.08416428964144
VIDISHA,24.016267275263157,78.04923708105262
VIJAYAPURA,16.760287974615384,75.9583300276923
VIJAYNAGAR,14.894206115546218,76.19271413781512
VIKARABAD,17.239508835436304,77.73221359293726
VILLUPURAM,12.096167180205654,79.48448226863754
VIRUDHUNAGAR,9.481382600247313,77.88921052039426
VISAKHAPATANAM,17.85602930795294,82.92904176141177
VIZIANAGARAM,18.100696985373137,83.15785942179104
WANAPARTHY,16.468450165517243,77.9211278
WARANGAL,17.760088753265496,79.36444121029544
WARDHA,20.789047302030458,78.51203108527919
WASHIM,20.228455954651164,77.1885980744186
WAYANAD,11.698322889074074,76.10749919401235
WEST,28.63376940777778,77.11322303666667
WEST DISTRICT,27.30803713125,88.29634081249999
WEST GARO HILLS,25.644031328245614,90.38919598938597
WEST GODAVARI,16.728714413161157,81.57674670262396
WEST JAINTIA HILLS,25.55619403109375,91.591116314375
WEST KAMENG,27.167783195250003,92.3794779695
WEST KARBI ANGLONG,25.753724375757578,92.62466
WEST KHASI HILLS,25.610480369565217,91.0246695652174
WEST SIANG,28.222548209607844,94.52641264686274
WEST SINGHBHUM,22.538324846478872,85.33227514084507
WEST TRIPURA,23.845248092,91.30397212049999
WOKHA,26.13091355586207,94.21193958827585
Y.S.R.,14.621387048275862,78.62681048801313
YADADRI BHUVANAGIRI,17.468907444505497,79.01590893186813
YADGIR,16.671369177664975,76.94181947766498
YAMUNANAGAR,29.89357392564103,77.06867272393161
YANAM,17.3213,82.0407
YAVATMAL,20.1376229225,78.07486703537128
ZUNHEBOTO,25.994257076666663,94.50053633928572
